Estado,Edu_2000_Total,Edu_2000_H,Edu_2000_M,Edu_2010_Total,Edu_2010_H,Edu_2010_M,Edu_2015_Total,Edu_2015_H,Edu_2015_M,Edu_2020_Total,Edu_2020_H,Edu_2020_M,PIB_2010,PIB_2015,PIB_2020
Aguascalientes,8.00,8.20,7.83,9.23,9.30,9.17,9.73,9.82,9.64,10.35,10.38,10.32,152205.212,198220.641,204820.38299999997
Aguascalientes,8.00,8.20,7.83,9.23,9.30,9.17,9.73,9.82,9.64,10.35,10.38,10.32,1.060486085735,1.195582947452,1.256834567089
Aguascalientes,8.00,8.20,7.83,9.23,9.30,9.17,9.73,9.82,9.64,10.35,10.38,10.32,88.071276223836,114.697418027819,118.51626032008
Aguascalientes,8.00,8.20,7.83,9.23,9.30,9.17,9.73,9.82,9.64,10.35,10.38,10.32,6.248529403521,4.062191694705,-7.92573039513
Aguascalientes,8.00,8.20,7.83,9.23,9.30,9.17,9.73,9.82,9.64,10.35,10.38,10.32,0.065584014282,0.048158978112,-0.099800910664
Aguascalientes,8.00,8.20,7.83,9.23,9.30,9.17,9.73,9.82,9.64,10.35,10.38,10.32,138350.48,215416.925,306745.08499999996
Aguascalientes,8.00,8.20,7.83,9.23,9.30,9.17,9.73,9.82,9.64,10.35,10.38,10.32,1.078821690858,1.231023199906,1.396926854283
Aguascalientes,8.00,8.20,7.83,9.23,9.30,9.17,9.73,9.82,9.64,10.35,10.38,10.32,90.8973340545,108.675324584386,149.762968170995
Aguascalientes,8.00,8.20,7.83,9.23,9.30,9.17,9.73,9.82,9.64,10.35,10.38,10.32,3.099572475671,6.059781451955,9.181293600985
Baja California,8.17,8.28,8.05,9.26,9.33,9.20,9.76,9.84,9.68,10.20,10.22,10.18,428162.546,511459.52799999993,554008.043
Baja California,8.17,8.28,8.05,9.26,9.33,9.20,9.76,9.84,9.68,10.20,10.22,10.18,2.983212049701,3.084907237226,3.39954670863
Baja California,8.17,8.28,8.05,9.26,9.33,9.20,9.76,9.84,9.68,10.20,10.22,10.18,91.974185386664,109.867324653958,119.007229680909
Baja California,8.17,8.28,8.05,9.26,9.33,9.20,9.76,9.84,9.68,10.20,10.22,10.18,5.007185994157,6.972612273288,-3.706451725113
Baja California,8.17,8.28,8.05,9.26,9.33,9.20,9.76,9.84,9.68,10.20,10.22,10.18,0.149588069935,0.207489024819,-0.120708414425
Baja California,8.17,8.28,8.05,9.26,9.33,9.20,9.76,9.84,9.68,10.20,10.22,10.18,393693.17499999993,580277.4240000001,804612.155
Baja California,8.17,8.28,8.05,9.26,9.33,9.20,9.76,9.84,9.68,10.20,10.22,10.18,3.069918779702,3.316057785736,3.664229295155
Baja California,8.17,8.28,8.05,9.26,9.33,9.20,9.76,9.84,9.68,10.20,10.22,10.18,91.949466079642,113.455198746439,145.2347425577
Baja California,8.17,8.28,8.05,9.26,9.33,9.20,9.76,9.84,9.68,10.20,10.22,10.18,1.351894069809,8.079056510145,3.555280708918
Baja California Sur,8.29,8.35,8.23,9.40,9.37,9.42,9.91,9.92,9.89,10.34,10.28,10.40,110656.4,130520.64199999998,121901.97099999999
Baja California Sur,8.29,8.35,8.23,9.40,9.37,9.42,9.91,9.92,9.89,10.34,10.28,10.40,0.770995756029,0.787245228743,0.74802423814
Baja California Sur,8.29,8.35,8.23,9.40,9.37,9.42,9.91,9.92,9.89,10.34,10.28,10.40,96.199831755226,113.468934476307,105.976239068236
Baja California Sur,8.29,8.35,8.23,9.40,9.37,9.42,9.91,9.92,9.89,10.34,10.28,10.40,2.139204758302,12.491593983739,-23.309746942677
Baja California Sur,8.29,8.35,8.23,9.40,9.37,9.42,9.91,9.92,9.89,10.34,10.28,10.40,0.016980481538,0.090206520629,-0.209733803655
Baja California Sur,8.29,8.35,8.23,9.40,9.37,9.42,9.91,9.92,9.89,10.34,10.28,10.40,100789.574,142277.939,171019.288
Baja California Sur,8.29,8.35,8.23,9.40,9.37,9.42,9.91,9.92,9.89,10.34,10.28,10.40,0.785931343668,0.813062593591,0.77882726632
Baja California Sur,8.29,8.35,8.23,9.40,9.37,9.42,9.91,9.92,9.89,10.34,10.28,10.40,91.083366167705,109.007998137184,140.292471563073
Baja California Sur,8.29,8.35,8.23,9.40,9.37,9.42,9.91,9.92,9.89,10.34,10.28,10.40,2.603839161484,5.739878440113,2.538036240305
Campeche,7.01,7.32,6.71,8.51,8.71,8.32,9.14,9.35,8.94,9.63,9.74,9.52,753968.591,637604.643,481969.908
Campeche,7.01,7.32,6.71,8.51,8.71,8.32,9.14,9.35,8.94,9.63,9.74,9.52,5.253257686317,3.845761140419,2.957500771157
Campeche,7.01,7.32,6.71,8.51,8.71,8.32,9.14,9.35,8.94,9.63,9.74,9.52,104.560284172743,88.422944215113,66.839535684572
Campeche,7.01,7.32,6.71,8.51,8.71,8.32,9.14,9.35,8.94,9.63,9.74,9.52,-3.43113456305,-7.052178990251,-6.831390264107
Campeche,7.01,7.32,6.71,8.51,8.71,8.32,9.14,9.35,8.94,9.63,9.74,9.52,-0.196276116727,-0.30109013463,-0.200041325119
Campeche,7.01,7.32,6.71,8.51,8.71,8.32,9.14,9.35,8.94,9.63,9.74,9.52,620535.423,436081.49399999995,457688.659
Campeche,7.01,7.32,6.71,8.51,8.71,8.32,9.14,9.35,8.94,9.63,9.74,9.52,4.838776665453,2.492034626173,2.084328681771
Campeche,7.01,7.32,6.71,8.51,8.71,8.32,9.14,9.35,8.94,9.63,9.74,9.52,82.302556155154,68.393713688813,94.962081948071
Campeche,7.01,7.32,6.71,8.51,8.71,8.32,9.14,9.35,8.94,9.63,9.74,9.52,18.488225844897,-32.656836248202,-21.300439839956
Coahuila de Zaragoza,8.39,8.54,8.24,9.47,9.57,9.37,9.90,10.02,9.78,10.43,10.51,10.36,489951.7759999999,563928.44,535908.391
Coahuila de Zaragoza,8.39,8.54,8.24,9.47,9.57,9.37,9.90,10.02,9.78,10.43,10.51,10.36,3.413726995952,3.401377490486,3.288482233734
Coahuila de Zaragoza,8.39,8.54,8.24,9.47,9.57,9.37,9.90,10.02,9.78,10.43,10.51,10.36,91.034079421938,104.779100535906,99.572915986689
Coahuila de Zaragoza,8.39,8.54,8.24,9.47,9.57,9.37,9.90,10.02,9.78,10.43,10.51,10.36,16.287635815759,0.842478985977,-11.253703555645
Coahuila de Zaragoza,8.39,8.54,8.24,9.47,9.57,9.37,9.90,10.02,9.78,10.43,10.51,10.36,0.502795551098,0.029322466759,-0.384676899793
Coahuila de Zaragoza,8.39,8.54,8.24,9.47,9.57,9.37,9.90,10.02,9.78,10.43,10.51,10.36,433984.977,627666.568,793706.6350000001
Coahuila de Zaragoza,8.39,8.54,8.24,9.47,9.57,9.37,9.90,10.02,9.78,10.43,10.51,10.36,3.384103956084,3.586868148885,3.614565210895
Coahuila de Zaragoza,8.39,8.54,8.24,9.47,9.57,9.37,9.90,10.02,9.78,10.43,10.51,10.36,88.577080083898,111.302520582221,148.104909034723
Coahuila de Zaragoza,8.39,8.54,8.24,9.47,9.57,9.37,9.90,10.02,9.78,10.43,10.51,10.36,3.27821304999,7.35090430894,5.347454634929
Colima,7.65,7.76,7.55,8.95,8.95,8.95,9.53,9.54,9.52,10.05,9.99,10.10,81992.17799999999,95878.066,101198.82499999998
Colima,7.65,7.76,7.55,8.95,8.95,8.95,9.53,9.54,9.52,10.05,9.99,10.10,0.571278491489,0.578295883647,0.620984003378
Colima,7.65,7.76,7.55,8.95,8.95,8.95,9.53,9.54,9.52,10.05,9.99,10.10,89.684953299106,104.87366089505,110.693630971107
Colima,7.65,7.76,7.55,8.95,8.95,8.95,9.53,9.54,9.52,10.05,9.99,10.10,7.253764377627,2.320952383534,-7.241266214681
Colima,7.65,7.76,7.55,8.95,8.95,8.95,9.53,9.54,9.52,10.05,9.99,10.10,0.040629072153,0.013535735625,-0.044719350777
Colima,7.65,7.76,7.55,8.95,8.95,8.95,9.53,9.54,9.52,10.05,9.99,10.10,72901.369,101924.98,139876.69900000002
Colima,7.65,7.76,7.55,8.95,8.95,8.95,9.53,9.54,9.52,10.05,9.99,10.10,0.568466247247,0.58246126682,0.637002927436
Colima,7.65,7.76,7.55,8.95,8.95,8.95,9.53,9.54,9.52,10.05,9.99,10.10,88.912589930225,106.3068794066,138.219686839249
Colima,7.65,7.76,7.55,8.95,8.95,8.95,9.53,9.54,9.52,10.05,9.99,10.10,3.2807219776,3.114832502117,2.726031962922
Chiapas,5.35,5.86,4.86,6.67,7.08,6.28,7.29,7.69,6.92,7.78,8.09,7.50,270989.331,287811.83099999995,254446.97599999997
Chiapas,5.35,5.86,4.86,6.67,7.08,6.28,7.29,7.69,6.92,7.78,8.09,7.50,1.888111524775,1.735959057959,1.561357079037
Chiapas,5.35,5.86,4.86,6.67,7.08,6.28,7.29,7.69,6.92,7.78,8.09,7.50,96.463137013664,102.45138428681,90.574611989431
Chiapas,5.35,5.86,4.86,6.67,7.08,6.28,7.29,7.69,6.92,7.78,8.09,7.50,5.567222513091,-2.114529692998,-2.765750190584
Chiapas,5.35,5.86,4.86,6.67,7.08,6.28,7.29,7.69,6.92,7.78,8.09,7.50,0.104706889473,-0.038695916751,-0.040968616156
Chiapas,5.35,5.86,4.86,6.67,7.08,6.28,7.29,7.69,6.92,7.78,8.09,7.50,240499.032,302308.11400000006,340920.211
Chiapas,5.35,5.86,4.86,6.67,7.08,6.28,7.29,7.69,6.92,7.78,8.09,7.50,1.875349997716,1.727572250202,1.552561462928
Chiapas,5.35,5.86,4.86,6.67,7.08,6.28,7.29,7.69,6.92,7.78,8.09,7.50,88.748524199279,105.036722413263,133.984776065879
Chiapas,5.35,5.86,4.86,6.67,7.08,6.28,7.29,7.69,6.92,7.78,8.09,7.50,4.645173687194,2.817422519671,5.07330037938
Chihuahua,7.69,7.72,7.66,8.82,8.82,8.83,9.47,9.48,9.45,10.00,9.98,10.02,417796.42,510642.9140000001,539798.46
Chihuahua,7.69,7.72,7.66,8.82,8.82,8.83,9.47,9.48,9.45,10.00,9.98,10.02,2.910986320756,3.079981767466,3.31235277394
Chihuahua,7.69,7.72,7.66,8.82,8.82,8.83,9.47,9.48,9.45,10.00,9.98,10.02,87.718878665059,107.21256016109,113.333942919678
Chihuahua,7.69,7.72,7.66,8.82,8.82,8.83,9.47,9.48,9.45,10.00,9.98,10.02,4.168065029375,5.136860206434,-5.774652176251
Chihuahua,7.69,7.72,7.66,8.82,8.82,8.83,9.47,9.48,9.45,10.00,9.98,10.02,0.12248366823,0.155281956753,-0.187262164983
Chihuahua,7.69,7.72,7.66,8.82,8.82,8.83,9.47,9.48,9.45,10.00,9.98,10.02,382215.09,587826.5989999999,788489.4199999999
Chihuahua,7.69,7.72,7.66,8.82,8.82,8.83,9.47,9.48,9.45,10.00,9.98,10.02,2.980415605824,3.359198358675,3.590805848171
Chihuahua,7.69,7.72,7.66,8.82,8.82,8.83,9.47,9.48,9.45,10.00,9.98,10.02,91.48357231017,115.115001674144,146.071076230933
Chihuahua,7.69,7.72,7.66,8.82,8.82,8.83,9.47,9.48,9.45,10.00,9.98,10.02,3.729097123526,9.4246398811,5.005353302286
Ciudad de MÃ©xico,9.61,10.03,9.23,10.54,10.81,10.31,11.12,11.43,10.84,11.48,11.67,11.32,2446910.439,2869792.9079999994,2856971.791
Ciudad de MÃ©xico,9.61,10.03,9.23,10.54,10.81,10.31,11.12,11.43,10.84,11.48,11.67,11.32,17.048788536876,17.309375281067,17.531169757298
Ciudad de MÃ©xico,9.61,10.03,9.23,10.54,10.81,10.31,11.12,11.43,10.84,11.48,11.67,11.32,91.539458285145,107.359584560941,106.87994375101
Ciudad de MÃ©xico,9.61,10.03,9.23,10.54,10.81,10.31,11.12,11.43,10.84,11.48,11.67,11.32,3.572207947714,4.411083382425,-8.805664073631
Ciudad de MÃ©xico,9.61,10.03,9.23,10.54,10.81,10.31,11.12,11.43,10.84,11.48,11.67,11.32,0.618336883258,0.754588469457,-1.561566624748
Ciudad de MÃ©xico,9.61,10.03,9.23,10.54,10.81,10.31,11.12,11.43,10.84,11.48,11.67,11.32,2229200.756,2968856.863,3472435.0629999996
Ciudad de MÃ©xico,9.61,10.03,9.23,10.54,10.81,10.31,11.12,11.43,10.84,11.48,11.67,11.32,17.382737875936,16.965852035781,15.813579504486
Ciudad de MÃ©xico,9.61,10.03,9.23,10.54,10.81,10.31,11.12,11.43,10.84,11.48,11.67,11.32,91.102670554261,103.45195483353,121.542504337594
Ciudad de MÃ©xico,9.61,10.03,9.23,10.54,10.81,10.31,11.12,11.43,10.84,11.48,11.67,11.32,3.267005850376,1.618673072156,3.096315681552
Durango,7.31,7.34,7.28,8.58,8.53,8.62,9.15,9.13,9.17,9.75,9.67,9.82,169268.08399999997,192888.101,189953.176
Durango,7.31,7.34,7.28,8.58,8.53,8.62,9.15,9.13,9.17,9.75,9.67,9.82,1.179371228371,1.163419324842,1.165605269497
Durango,7.31,7.34,7.28,8.58,8.53,8.62,9.15,9.13,9.17,9.75,9.67,9.82,89.534814219003,102.028686566164,100.476249990928
Durango,7.31,7.34,7.28,8.58,8.53,8.62,9.15,9.13,9.17,9.75,9.67,9.82,3.792187085442,-0.04173113548,-6.906662750032
Durango,7.31,7.34,7.28,8.58,8.53,8.62,9.15,9.13,9.17,9.75,9.67,9.82,0.045312054166,-0.000501196298,-0.079773110735
Durango,7.31,7.34,7.28,8.58,8.53,8.62,9.15,9.13,9.17,9.75,9.67,9.82,146770.242,210218.376,267589.06000000006
Durango,7.31,7.34,7.28,8.58,8.53,8.62,9.15,9.13,9.17,9.75,9.67,9.82,1.144476843464,1.201315532206,1.21860907348
Durango,7.31,7.34,7.28,8.58,8.53,8.62,9.15,9.13,9.17,9.75,9.67,9.82,86.708751308368,108.984626273033,140.871063929987
Durango,7.31,7.34,7.28,8.58,8.53,8.62,9.15,9.13,9.17,9.75,9.67,9.82,2.233523128624,5.420906140901,4.574757885846
Guanajuato,6.36,6.59,6.16,7.73,7.84,7.64,8.38,8.47,8.30,9.04,9.10,8.99,517168.681,653849.9260000001,650820.418
Guanajuato,6.36,6.59,6.16,7.73,7.84,7.64,8.38,8.47,8.30,9.04,9.10,8.99,3.603360114752,3.943745806564,3.99361424058
Guanajuato,6.36,6.59,6.16,7.73,7.84,7.64,8.38,8.47,8.30,9.04,9.10,8.99,86.981157677373,109.969194965123,109.459670466224
Guanajuato,6.36,6.59,6.16,7.73,7.84,7.64,8.38,8.47,8.30,9.04,9.10,8.99,7.368823776757,5.445242615556,-7.263517686931
Guanajuato,6.36,6.59,6.16,7.73,7.84,7.64,8.38,8.47,8.30,9.04,9.10,8.99,0.260055338159,0.210149937257,-0.288547866321
Guanajuato,6.36,6.59,6.16,7.73,7.84,7.64,8.38,8.47,8.30,9.04,9.10,8.99,459867.9790000001,721923.1810000001,948128.4940000001
Guanajuato,6.36,6.59,6.16,7.73,7.84,7.64,8.38,8.47,8.30,9.04,9.10,8.99,3.585932991893,4.125507707256,4.317807258686
Guanajuato,6.36,6.59,6.16,7.73,7.84,7.64,8.38,8.47,8.30,9.04,9.10,8.99,88.920307028414,110.411143642157,145.682044966205
Guanajuato,6.36,6.59,6.16,7.73,7.84,7.64,8.38,8.47,8.30,9.04,9.10,8.99,3.931471024372,5.337254655557,5.626477239248
Guerrero,6.10,6.45,5.80,7.27,7.49,7.07,7.80,8.03,7.60,8.37,8.53,8.23,211890.53500000003,229580.566,218674.062
Guerrero,6.10,6.45,5.80,7.27,7.49,7.07,7.80,8.03,7.60,8.37,8.53,8.23,1.476342111506,1.384732732127,1.341844576316
Guerrero,6.10,6.45,5.80,7.27,7.49,7.07,7.80,8.03,7.60,8.37,8.53,8.23,96.837073527319,104.921676422147,99.937244579667
Guerrero,6.10,6.45,5.80,7.27,7.49,7.07,7.80,8.03,7.60,8.37,8.53,8.23,5.292812165989,0.844052270192,-9.169560279845
Guerrero,6.10,6.45,5.80,7.27,7.49,7.07,7.80,8.03,7.60,8.37,8.53,8.23,0.078039215576,0.011959557664,-0.124961054982
Guerrero,6.10,6.45,5.80,7.27,7.49,7.07,7.80,8.03,7.60,8.37,8.53,8.23,186370.38,247813.828,305148.77
Guerrero,6.10,6.45,5.80,7.27,7.49,7.07,7.80,8.03,7.60,8.37,8.53,8.23,1.453268600712,1.416158788477,1.3896571851
Guerrero,6.10,6.45,5.80,7.27,7.49,7.07,7.80,8.03,7.60,8.37,8.53,8.23,87.955972172141,107.941988434683,139.545022948355
Guerrero,6.10,6.45,5.80,7.27,7.49,7.07,7.80,8.03,7.60,8.37,8.53,8.23,3.444800869992,4.934500692331,6.263751939932
Hidalgo,6.66,6.91,6.43,8.10,8.22,7.98,8.72,8.81,8.63,9.37,9.42,9.33,206303.584,258695.052,244145.37000000002
Hidalgo,6.66,6.91,6.43,8.10,8.22,7.98,8.72,8.81,8.63,9.37,9.42,9.33,1.437415167289,1.560338979841,1.498143573
Hidalgo,6.66,6.91,6.43,8.10,8.22,7.98,8.72,8.81,8.63,9.37,9.42,9.33,89.315573918984,111.997555211554,105.69852165638
Hidalgo,6.66,6.91,6.43,8.10,8.22,7.98,8.72,8.81,8.63,9.37,9.42,9.33,5.482358251685,6.430494678324,-10.389911478125
Hidalgo,6.66,6.91,6.43,8.10,8.22,7.98,8.72,8.81,8.63,9.37,9.42,9.33,0.078561168573,0.097280852103,-0.160237349006
Hidalgo,6.66,6.91,6.43,8.10,8.22,7.98,8.72,8.81,8.63,9.37,9.42,9.33,184470.154,289377.79099999997,356338.57500000007
Hidalgo,6.66,6.91,6.43,8.10,8.22,7.98,8.72,8.81,8.63,9.37,9.42,9.33,1.438451123922,1.653680527928,1.622777182019
Hidalgo,6.66,6.91,6.43,8.10,8.22,7.98,8.72,8.81,8.63,9.37,9.42,9.33,89.416844062195,111.860582087979,145.953443638927
Hidalgo,6.66,6.91,6.43,8.10,8.22,7.98,8.72,8.81,8.63,9.37,9.42,9.33,8.094516744202,6.043255886633,4.431560239979
Jalisco,7.52,7.70,7.35,8.78,8.86,8.70,9.25,9.33,9.17,9.90,9.95,9.85,925371.837,1104884.87,1126205.873
Jalisco,7.52,7.70,7.35,8.78,8.86,8.70,9.25,9.33,9.17,9.90,9.95,9.85,6.447505603614,6.66419754676,6.910710985466
Jalisco,7.52,7.70,7.35,8.78,8.86,8.70,9.25,9.33,9.17,9.90,9.95,9.85,90.849329707157,108.473205936869,110.566417285848
Jalisco,7.52,7.70,7.35,8.78,8.86,8.70,9.25,9.33,9.17,9.90,9.95,9.85,6.32558069793,3.525684665561,-7.440385228905
Jalisco,7.52,7.70,7.35,8.78,8.86,8.70,9.25,9.33,9.17,9.90,9.95,9.85,0.403359691583,0.234192683661,-0.512450579782
Jalisco,7.52,7.70,7.35,8.78,8.86,8.70,9.25,9.33,9.17,9.90,9.95,9.85,821289.8389999999,1204768.34,1596000.6410000003
Jalisco,7.52,7.70,7.35,8.78,8.86,8.70,9.25,9.33,9.17,9.90,9.95,9.85,6.404208303394,6.884778329521,7.268237581917
Jalisco,7.52,7.70,7.35,8.78,8.86,8.70,9.25,9.33,9.17,9.90,9.95,9.85,88.752413479815,109.040169950015,141.714821353982
Jalisco,7.52,7.70,7.35,8.78,8.86,8.70,9.25,9.33,9.17,9.90,9.95,9.85,3.881065893078,5.100364014319,4.710612114763
MÃ©xico,8.03,8.39,7.69,9.10,9.33,8.88,9.53,9.77,9.30,10.08,10.25,9.93,1226813.687,1445183.505,1488204.23
MÃ©xico,8.03,8.39,7.69,9.10,9.33,8.88,9.53,9.77,9.30,10.08,10.25,9.93,8.547794308465,8.716734774944,9.132033109969
MÃ©xico,8.03,8.39,7.69,9.10,9.33,8.88,9.53,9.77,9.30,10.08,10.25,9.93,89.866306746796,105.862288252854,109.013633652964
MÃ©xico,8.03,8.39,7.69,9.10,9.33,8.88,9.53,9.77,9.30,10.08,10.25,9.93,7.735453536145,3.058675488577,-5.848280985495
MÃ©xico,8.03,8.39,7.69,9.10,9.33,8.88,9.53,9.77,9.30,10.08,10.25,9.93,0.645385689301,0.26695175699,-0.523266376186
MÃ©xico,8.03,8.39,7.69,9.10,9.33,8.88,9.53,9.77,9.30,10.08,10.25,9.93,1085724.153,1569746.485,1994299.6709999996
MÃ©xico,8.03,8.39,7.69,9.10,9.33,8.88,9.53,9.77,9.30,10.08,10.25,9.93,8.466199514052,8.970485216079,9.082104007982
MÃ©xico,8.03,8.39,7.69,9.10,9.33,8.88,9.53,9.77,9.30,10.08,10.25,9.93,88.499514189069,108.619180856206,134.007122866463
MÃ©xico,8.03,8.39,7.69,9.10,9.33,8.88,9.53,9.77,9.30,10.08,10.25,9.93,3.263299819885,4.930278519842,4.034222628623
MichoacÃ¡n de Ocampo,6.20,6.35,6.08,7.42,7.46,7.38,7.93,7.96,7.90,8.60,8.58,8.61,329767.26,386038.362,397577.17900000006
MichoacÃ¡n de Ocampo,6.20,6.35,6.08,7.42,7.46,7.38,7.93,7.96,7.90,8.60,8.58,8.61,2.297645305082,2.328419887762,2.439643624986
MichoacÃ¡n de Ocampo,6.20,6.35,6.08,7.42,7.46,7.38,7.93,7.96,7.90,8.60,8.58,8.61,91.738098158366,107.392180612626,110.602169155993
MichoacÃ¡n de Ocampo,6.20,6.35,6.08,7.42,7.46,7.38,7.93,7.96,7.90,8.60,8.58,8.61,4.026528552997,1.681240223075,-6.352099177651
MichoacÃ¡n de Ocampo,6.20,6.35,6.08,7.42,7.46,7.38,7.93,7.96,7.90,8.60,8.58,8.61,0.093520709711,0.039726503506,-0.152651469315
MichoacÃ¡n de Ocampo,6.20,6.35,6.08,7.42,7.46,7.38,7.93,7.96,7.90,8.60,8.58,8.61,290183.885,408481.804,560007.706
MichoacÃ¡n de Ocampo,6.20,6.35,6.08,7.42,7.46,7.38,7.93,7.96,7.90,8.60,8.58,8.61,2.262779785625,2.33431322754,2.550292869784
MichoacÃ¡n de Ocampo,6.20,6.35,6.08,7.42,7.46,7.38,7.93,7.96,7.90,8.60,8.58,8.61,87.996572188519,105.813785418559,140.855093194371
MichoacÃ¡n de Ocampo,6.20,6.35,6.08,7.42,7.46,7.38,7.93,7.96,7.90,8.60,8.58,8.61,3.832220717234,2.482930082001,4.648178912194
Morelos,7.74,7.95,7.56,8.90,8.99,8.81,9.30,9.38,9.23,9.84,9.88,9.81,174984.467,187472.397,179752.616
Morelos,7.74,7.95,7.56,8.90,8.99,8.81,9.30,9.38,9.23,9.84,9.88,9.81,1.219199986878,1.130754092209,1.103011809687
Morelos,7.74,7.95,7.56,8.90,8.99,8.81,9.30,9.38,9.23,9.84,9.88,9.81,96.078720011108,102.935467644533,98.696767547534
Morelos,7.74,7.95,7.56,8.90,8.99,8.81,9.30,9.38,9.23,9.84,9.88,9.81,3.941897309262,0.974860032008,-10.592774162933
Morelos,7.74,7.95,7.56,8.90,8.99,8.81,9.30,9.38,9.23,9.84,9.88,9.81,0.048621432085,0.0112648984,-0.12055150337
Morelos,7.74,7.95,7.56,8.90,8.99,8.81,9.30,9.38,9.23,9.84,9.88,9.81,156265.66199999998,199165.66,236452.44400000002
Morelos,7.74,7.95,7.56,8.90,8.99,8.81,9.30,9.38,9.23,9.84,9.88,9.81,1.218519702294,1.138153597191,1.076811935827
Morelos,7.74,7.95,7.56,8.90,8.99,8.81,9.30,9.38,9.23,9.84,9.88,9.81,89.302590497933,106.237325167395,131.543256093697
Morelos,7.74,7.95,7.56,8.90,8.99,8.81,9.30,9.38,9.23,9.84,9.88,9.81,4.364716124738,4.333047378352,3.789686864667
Nayarit,7.26,7.19,7.33,8.61,8.47,8.74,9.16,9.05,9.26,9.73,9.56,9.89,97786.134,114062.99899999998,107339.93
Nayarit,7.26,7.19,7.33,8.61,8.47,8.74,9.16,9.05,9.26,9.73,9.56,9.89,0.681322492983,0.687979697027,0.658667523598
Nayarit,7.26,7.19,7.33,8.61,8.47,8.74,9.16,9.05,9.26,9.73,9.56,9.89,94.363149442852,110.070245956721,103.582516676396
Nayarit,7.26,7.19,7.33,8.61,8.47,8.74,9.16,9.05,9.26,9.73,9.56,9.89,5.10287370614,4.657692644642,-11.320595159978
Nayarit,7.26,7.19,7.33,8.61,8.47,8.74,9.16,9.05,9.26,9.73,9.56,9.89,0.034784926244,0.031594057073,-0.077565414074
Nayarit,7.26,7.19,7.33,8.61,8.47,8.74,9.16,9.05,9.26,9.73,9.56,9.89,88014.112,123019.281,148047.872
Nayarit,7.26,7.19,7.33,8.61,8.47,8.74,9.16,9.05,9.26,9.73,9.56,9.89,0.686311555458,0.703006919938,0.67421470866
Nayarit,7.26,7.19,7.33,8.61,8.47,8.74,9.16,9.05,9.26,9.73,9.56,9.89,90.006740628482,107.852048498216,137.924323222495
Nayarit,7.26,7.19,7.33,8.61,8.47,8.74,9.16,9.05,9.26,9.73,9.56,9.89,4.847998150053,4.482268245188,2.148728800068
Nuevo LeÃ³n,8.84,9.09,8.60,9.81,9.99,9.63,10.27,10.47,10.08,10.74,10.88,10.60,1025184.258,1228082.513,1268066.1300000004
Nuevo LeÃ³n,8.84,9.09,8.60,9.81,9.99,9.63,10.27,10.47,10.08,10.74,10.88,10.60,7.142946201627,7.407273547291,7.78120479122
Nuevo LeÃ³n,8.84,9.09,8.60,9.81,9.99,9.63,10.27,10.47,10.08,10.74,10.88,10.60,91.127498267238,109.162900427049,112.717000053972
Nuevo LeÃ³n,8.84,9.09,8.60,9.81,9.99,9.63,10.27,10.47,10.08,10.74,10.88,10.60,7.605386741199,5.762629132736,-7.617443492867
Nuevo LeÃ³n,8.84,9.09,8.60,9.81,9.99,9.63,10.27,10.47,10.08,10.74,10.88,10.60,0.530887867489,0.41646347726,-0.591863400771
Nuevo LeÃ³n,8.84,9.09,8.60,9.81,9.99,9.63,10.27,10.47,10.08,10.74,10.88,10.60,943374.112,1337539.4630000002,1765681.179
Nuevo LeÃ³n,8.84,9.09,8.60,9.81,9.99,9.63,10.27,10.47,10.08,10.74,10.88,10.60,7.356190268509,7.643513200008,8.04096813824
Nuevo LeÃ³n,8.84,9.09,8.60,9.81,9.99,9.63,10.27,10.47,10.08,10.74,10.88,10.60,92.019956865159,108.912833530429,139.242042447739
Nuevo LeÃ³n,8.84,9.09,8.60,9.81,9.99,9.63,10.27,10.47,10.08,10.74,10.88,10.60,2.964057317948,4.691318281031,3.906057045327
Oaxaca,5.62,6.06,5.23,6.94,7.28,6.64,7.52,7.83,7.25,8.12,8.35,7.92,228089.144,260612.9070000001,237528.104
Oaxaca,5.62,6.06,5.23,6.94,7.28,6.64,7.52,7.83,7.25,8.12,8.35,7.92,1.589205522864,1.571906668867,1.457538197077
Oaxaca,5.62,6.06,5.23,6.94,7.28,6.64,7.52,7.83,7.25,8.12,8.35,7.92,92.901956001429,106.149062576685,96.746496040649
Oaxaca,5.62,6.06,5.23,6.94,7.28,6.64,7.52,7.83,7.25,8.12,8.35,7.92,1.593883463151,4.145555491235,-6.075460067247
Oaxaca,5.62,6.06,5.23,6.94,7.28,6.64,7.52,7.83,7.25,8.12,8.35,7.92,0.026218461244,0.064565252549,-0.086971190299
Oaxaca,5.62,6.06,5.23,6.94,7.28,6.64,7.52,7.83,7.25,8.12,8.35,7.92,208793.741,290365.7250000001,350955.33400000003
Oaxaca,5.62,6.06,5.23,6.94,7.28,6.64,7.52,7.83,7.25,8.12,8.35,7.92,1.628120240032,1.659326183087,1.598261731621
Oaxaca,5.62,6.06,5.23,6.94,7.28,6.64,7.52,7.83,7.25,8.12,8.35,7.92,91.540411498059,111.416479077147,147.753182924409
Oaxaca,5.62,6.06,5.23,6.94,7.28,6.64,7.52,7.83,7.25,8.12,8.35,7.92,7.913907908411,4.96732468291,6.80501277796
Puebla,6.70,7.05,6.39,7.95,8.19,7.75,8.49,8.74,8.28,9.16,9.31,9.02,469967.8400000001,540604.128,530957.5430000001
Puebla,6.70,7.05,6.39,7.95,8.19,7.75,8.49,8.74,8.28,9.16,9.31,9.02,3.274489411458,3.260695119833,3.258102459945
Puebla,6.70,7.05,6.39,7.95,8.19,7.75,8.49,8.74,8.28,9.16,9.31,9.02,90.507833473872,104.111184272337,102.253415645506
Puebla,6.70,7.05,6.39,7.95,8.19,7.75,8.49,8.74,8.28,9.16,9.31,9.02,8.64332110536,2.737255926978,-10.822379612351
Puebla,6.70,7.05,6.39,7.95,8.19,7.75,8.49,8.74,8.28,9.16,9.31,9.02,0.27394245012,0.089645344837,-0.364743025734
Puebla,6.70,7.05,6.39,7.95,8.19,7.75,8.49,8.74,8.28,9.16,9.31,9.02,416421.454,580298.1599999999,714238.9340000001
Puebla,6.70,7.05,6.39,7.95,8.19,7.75,8.49,8.74,8.28,9.16,9.31,9.02,3.247148091671,3.31617628384,3.25266677795
Puebla,6.70,7.05,6.39,7.95,8.19,7.75,8.49,8.74,8.28,9.16,9.31,9.02,88.606372299858,107.342532168012,134.519029518712
Puebla,6.70,7.05,6.39,7.95,8.19,7.75,8.49,8.74,8.28,9.16,9.31,9.02,2.582678219601,4.446140561682,5.127034053868
QuerÃ©taro,7.55,7.90,7.23,8.92,9.14,8.73,9.55,9.78,9.35,10.48,10.64,10.34,287403.169,362418.9110000001,365964.7459999999
QuerÃ©taro,7.55,7.90,7.23,8.92,9.14,8.73,9.55,9.78,9.35,10.48,10.64,10.34,2.002474538917,2.185957363671,2.245660985356
QuerÃ©taro,7.55,7.90,7.23,8.92,9.14,8.73,9.55,9.78,9.35,10.48,10.64,10.34,89.816373418087,113.259545318905,114.367654326704
QuerÃ©taro,7.55,7.90,7.23,8.92,9.14,8.73,9.55,9.78,9.35,10.48,10.64,10.34,6.322993083703,5.764339277868,-9.257206297354
QuerÃ©taro,7.55,7.90,7.23,8.92,9.14,8.73,9.55,9.78,9.35,10.48,10.64,10.34,0.125227769859,0.122936845874,-0.211333022791
QuerÃ©taro,7.55,7.90,7.23,8.92,9.14,8.73,9.55,9.78,9.35,10.48,10.64,10.34,256123.884,388211.112,497305.74600000004
QuerÃ©taro,7.55,7.90,7.23,8.92,9.14,8.73,9.55,9.78,9.35,10.48,10.64,10.34,1.997188601051,2.218474176684,2.264746153558
QuerÃ©taro,7.55,7.90,7.23,8.92,9.14,8.73,9.55,9.78,9.35,10.48,10.64,10.34,89.116583122993,107.1166818886,135.888976038146
QuerÃ©taro,7.55,7.90,7.23,8.92,9.14,8.73,9.55,9.78,9.35,10.48,10.64,10.34,3.0725339482,5.25823780718,2.734400099964
Quintana Roo,7.78,8.09,7.45,9.12,9.30,8.92,9.62,9.79,9.44,10.24,10.36,10.12,195148.828,244081.496,222079.057
Quintana Roo,7.78,8.09,7.45,9.12,9.30,8.92,9.62,9.79,9.44,10.24,10.36,10.12,1.359694678139,1.47219619982,1.362738568183
Quintana Roo,7.78,8.09,7.45,9.12,9.30,8.92,9.62,9.79,9.44,10.24,10.36,10.12,86.627832217213,108.349361354167,98.58233577889
Quintana Roo,7.78,8.09,7.45,9.12,9.30,8.92,9.62,9.79,9.44,10.24,10.36,10.12,5.104213324951,4.642665387034,-23.469231850512
Quintana Roo,7.78,8.09,7.45,9.12,9.30,8.92,9.62,9.79,9.44,10.24,10.36,10.12,0.069436563574,0.067399145177,-0.385505630174
Quintana Roo,7.78,8.09,7.45,9.12,9.30,8.92,9.62,9.79,9.44,10.24,10.36,10.12,180777.622,265832.86699999997,296754.784
Quintana Roo,7.78,8.09,7.45,9.12,9.30,8.92,9.62,9.79,9.44,10.24,10.36,10.12,1.409657702925,1.519130525953,1.351430706401
Quintana Roo,7.78,8.09,7.45,9.12,9.30,8.92,9.62,9.79,9.44,10.24,10.36,10.12,92.635771299636,108.911519863841,133.62574031463
Quintana Roo,7.78,8.09,7.45,9.12,9.30,8.92,9.62,9.79,9.44,10.24,10.36,10.12,2.55757028092,3.051235230298,3.815571316542
San Luis PotosÃ­,6.89,7.01,6.78,8.26,8.27,8.24,8.82,8.79,8.85,9.61,9.58,9.64,269397.22,329359.358,341564.62899999996
San Luis PotosÃ­,6.89,7.01,6.78,8.26,8.27,8.24,8.82,8.79,8.85,9.61,9.58,9.64,1.877018530388,1.986556142801,2.095935113168
San Luis PotosÃ­,6.89,7.01,6.78,8.26,8.27,8.24,8.82,8.79,8.85,9.61,9.58,9.64,87.496040471006,106.970813273696,110.934896070747
San Luis PotosÃ­,6.89,7.01,6.78,8.26,8.27,8.24,8.82,8.79,8.85,9.61,9.58,9.64,5.296647618368,3.991904832016,-7.337066956513
San Luis PotosÃ­,6.89,7.01,6.78,8.26,8.27,8.24,8.82,8.79,8.85,9.61,9.58,9.64,0.099287191676,0.078688559425,-0.153090995748
San Luis PotosÃ­,6.89,7.01,6.78,8.26,8.27,8.24,8.82,8.79,8.85,9.61,9.58,9.64,244786.34000000003,364656.92499999993,513538.652
San Luis PotosÃ­,6.89,7.01,6.78,8.26,8.27,8.24,8.82,8.79,8.85,9.61,9.58,9.64,1.90878132998,2.0838712403,2.338671322773
San Luis PotosÃ­,6.89,7.01,6.78,8.26,8.27,8.24,8.82,8.79,8.85,9.61,9.58,9.64,90.864464005976,110.717037831972,150.348896928669
San Luis PotosÃ­,6.89,7.01,6.78,8.26,8.27,8.24,8.82,8.79,8.85,9.61,9.58,9.64,4.232827011981,6.182312771031,6.455070381519
Sinaloa,7.64,7.64,7.64,9.08,9.03,9.14,9.58,9.56,9.61,10.22,10.11,10.33,312655.113,358848.31399999995,369694.14400000003
Sinaloa,7.64,7.64,7.64,9.08,9.03,9.14,9.58,9.56,9.61,10.22,10.11,10.33,2.17841684009,2.164421034943,2.268545603831
Sinaloa,7.64,7.64,7.64,9.08,9.03,9.14,9.58,9.56,9.61,10.22,10.11,10.33,93.582051231559,107.408322809378,110.654631526258
Sinaloa,7.64,7.64,7.64,9.08,9.03,9.14,9.58,9.56,9.61,10.22,10.11,10.33,3.16397499655,5.519458739708,-7.147694570209
Sinaloa,7.64,7.64,7.64,9.08,9.03,9.14,9.58,9.56,9.61,10.22,10.11,10.33,0.070256108689,0.116824999502,-0.161092819929
Sinaloa,7.64,7.64,7.64,9.08,9.03,9.14,9.58,9.56,9.61,10.22,10.11,10.33,277104.769,379608.572,505132.72599999997
Sinaloa,7.64,7.64,7.64,9.08,9.03,9.14,9.58,9.56,9.61,10.22,10.11,10.33,2.160792181114,2.169314036096,2.300390468934
Sinaloa,7.64,7.64,7.64,9.08,9.03,9.14,9.58,9.56,9.61,10.22,10.11,10.33,88.629533782804,105.785246074752,136.635306292544
Sinaloa,7.64,7.64,7.64,9.08,9.03,9.14,9.58,9.56,9.61,10.22,10.11,10.33,2.742002014691,4.425375494287,5.430506490915
Sonora,8.18,8.19,8.16,9.42,9.39,9.44,10.00,10.00,10.01,10.40,10.35,10.45,431501.919,549606.8230000001,550905.96
Sonora,8.18,8.19,8.16,9.42,9.39,9.44,10.00,10.00,10.01,10.40,10.35,10.45,3.006479049267,3.314995562858,3.380511468644
Sonora,8.18,8.19,8.16,9.42,9.39,9.44,10.00,10.00,10.01,10.40,10.35,10.45,84.555881973557,107.699381187339,107.953956358393
Sonora,8.18,8.19,8.16,9.42,9.39,9.44,10.00,10.00,10.01,10.40,10.35,10.45,5.148385143279,5.108056960569,-5.136039242432
Sonora,8.18,8.19,8.16,9.42,9.39,9.44,10.00,10.00,10.01,10.40,10.35,10.45,0.154797782009,0.166238947552,-0.168835927667
Sonora,8.18,8.19,8.16,9.42,9.39,9.44,10.00,10.00,10.01,10.40,10.35,10.45,385750.8350000001,588735.277,786624.063
Sonora,8.18,8.19,8.16,9.42,9.39,9.44,10.00,10.00,10.01,10.40,10.35,10.45,3.007986441858,3.364391096893,3.58231095318
Sonora,8.18,8.19,8.16,9.42,9.39,9.44,10.00,10.00,10.01,10.40,10.35,10.45,89.397246689881,107.11935375664,142.787357573696
Sonora,8.18,8.19,8.16,9.42,9.39,9.44,10.00,10.00,10.01,10.40,10.35,10.45,3.612065668669,4.555266939545,6.805858069917
Tabasco,7.16,7.51,6.82,8.64,8.88,8.41,9.31,9.53,9.11,9.69,9.87,9.53,525011.917,562212.3049999999,464414.365
Tabasco,7.16,7.51,6.82,8.64,8.88,8.41,9.31,9.53,9.11,9.69,9.87,9.53,3.658007669431,3.391026491058,2.849775099702
Tabasco,7.16,7.51,6.82,8.64,8.88,8.41,9.31,9.53,9.11,9.69,9.87,9.53,94.831136177392,101.550517101996,83.885604238679
Tabasco,7.16,7.51,6.82,8.64,8.88,8.41,9.31,9.53,9.11,9.69,9.87,9.53,5.861094938311,-0.457145775627,3.457959747166
Tabasco,7.16,7.51,6.82,8.64,8.88,8.41,9.31,9.53,9.11,9.69,9.87,9.53,0.212973278729,-0.0160696312,0.08786622862
Tabasco,7.16,7.51,6.82,8.64,8.88,8.41,9.31,9.53,9.11,9.69,9.87,9.53,449415.171,467499.1020000001,506033.338
Tabasco,7.16,7.51,6.82,8.64,8.88,8.41,9.31,9.53,9.11,9.69,9.87,9.53,3.504424666076,2.67157392808,2.304491884571
Tabasco,7.16,7.51,6.82,8.64,8.88,8.41,9.31,9.53,9.11,9.69,9.87,9.53,85.600946654321,83.153480961254,108.961603287185
Tabasco,7.16,7.51,6.82,8.64,8.88,8.41,9.31,9.53,9.11,9.69,9.87,9.53,11.944465824526,-18.459467713709,-6.339345391352
Tamaulipas,8.04,8.19,7.89,9.12,9.20,9.05,9.51,9.61,9.41,10.09,10.13,10.06,448215.116,492586.952,473823.4950000001
Tamaulipas,8.04,8.19,7.89,9.12,9.20,9.05,9.51,9.61,9.41,10.09,10.13,10.06,3.122927839908,2.971075852531,2.907512125954
Tamaulipas,8.04,8.19,7.89,9.12,9.20,9.05,9.51,9.61,9.41,10.09,10.13,10.06,94.71172958513,104.08788220116,100.123001495383
Tamaulipas,8.04,8.19,7.89,9.12,9.20,9.05,9.51,9.61,9.41,10.09,10.13,10.06,1.927458509322,3.075101539459,-8.425723518128
Tamaulipas,8.04,8.19,7.89,9.12,9.20,9.05,9.51,9.61,9.41,10.09,10.13,10.06,0.062100332094,0.091463861863,-0.24678037364
Tamaulipas,8.04,8.19,7.89,9.12,9.20,9.05,9.51,9.61,9.41,10.09,10.13,10.06,406896.616,543674.072,674669.075
Tamaulipas,8.04,8.19,7.89,9.12,9.20,9.05,9.51,9.61,9.41,10.09,10.13,10.06,3.172875838794,3.10688399168,3.072464383974
Tamaulipas,8.04,8.19,7.89,9.12,9.20,9.05,9.51,9.61,9.41,10.09,10.13,10.06,90.78154695702,110.371188232367,142.388269496851
Tamaulipas,8.04,8.19,7.89,9.12,9.20,9.05,9.51,9.61,9.41,10.09,10.13,10.06,2.91606556509,5.78151233192,3.81362435977
Tlaxcala,7.63,7.92,7.37,8.78,8.95,8.62,9.27,9.42,9.14,9.83,9.92,9.75,88809.88600000003,96458.62,91086.84
Tlaxcala,7.63,7.92,7.37,8.78,8.95,8.62,9.27,9.42,9.14,9.83,9.92,9.75,0.618780704952,0.581797539474,0.558934064287
Tlaxcala,7.63,7.92,7.37,8.78,8.95,8.62,9.27,9.42,9.14,9.83,9.92,9.75,101.31447977315,110.040169457441,103.912033045287
Tlaxcala,7.63,7.92,7.37,8.78,8.95,8.62,9.27,9.42,9.14,9.83,9.92,9.75,8.649861333922,6.746272829627,-12.048491437359
Tlaxcala,7.63,7.92,7.37,8.78,8.95,8.62,9.27,9.42,9.14,9.83,9.92,9.75,0.051802994201,0.037941383799,-0.070632622876
Tlaxcala,7.63,7.92,7.37,8.78,8.95,8.62,9.27,9.42,9.14,9.83,9.92,9.75,78454.86599999998,104631.193,123648.095
Tlaxcala,7.63,7.92,7.37,8.78,8.95,8.62,9.27,9.42,9.14,9.83,9.92,9.75,0.611770997789,0.597926212236,0.563097349665
Tlaxcala,7.63,7.92,7.37,8.78,8.95,8.62,9.27,9.42,9.14,9.83,9.92,9.75,88.340239508921,108.47262069476,135.747485586282
Tlaxcala,7.63,7.92,7.37,8.78,8.95,8.62,9.27,9.42,9.14,9.83,9.92,9.75,4.292970776675,4.465761696931,3.773554380843
Veracruz de Ignacio de la Llave,6.42,6.70,6.17,7.67,7.85,7.51,8.20,8.39,8.04,8.75,8.86,8.64,718148.55,785745.9309999999,738747.4409999999
Veracruz de Ignacio de la Llave,6.42,6.70,6.17,7.67,7.85,7.51,8.20,8.39,8.04,8.75,8.86,8.64,5.003682428204,4.739286642369,4.533158793076
Veracruz de Ignacio de la Llave,6.42,6.70,6.17,7.67,7.85,7.51,8.20,8.39,8.04,8.75,8.86,8.64,91.91039388235,100.561670715152,94.546689931892
Veracruz de Ignacio de la Llave,6.42,6.70,6.17,7.67,7.85,7.51,8.20,8.39,8.04,8.75,8.86,8.64,4.233373384487,0.635331459777,-7.840277954535
Veracruz de Ignacio de la Llave,6.42,6.70,6.17,7.67,7.85,7.51,8.20,8.39,8.04,8.75,8.86,8.64,0.213701539401,0.030874004395,-0.355751393937
Veracruz de Ignacio de la Llave,6.42,6.70,6.17,7.67,7.85,7.51,8.20,8.39,8.04,8.75,8.86,8.64,639238.481,833456.6159999999,991609.956
Veracruz de Ignacio de la Llave,6.42,6.70,6.17,7.67,7.85,7.51,8.20,8.39,8.04,8.75,8.86,8.64,4.984618332614,4.762877524183,4.515823216892
Veracruz de Ignacio de la Llave,6.42,6.70,6.17,7.67,7.85,7.51,8.20,8.39,8.04,8.75,8.86,8.64,89.012013043819,106.072024444248,134.228546992693
Veracruz de Ignacio de la Llave,6.42,6.70,6.17,7.67,7.85,7.51,8.20,8.39,8.04,8.75,8.86,8.64,6.085948119725,2.181120538314,3.541345099739
YucatÃ¡n,6.84,7.15,6.54,8.22,8.41,8.03,8.82,9.03,8.63,9.59,9.72,9.48,196149.981,230374.52599999995,242552.37800000003
YucatÃ¡n,6.84,7.15,6.54,8.22,8.41,8.03,8.82,9.03,8.63,9.59,9.72,9.48,1.366670187139,1.389521562554,1.488368533126
YucatÃ¡n,6.84,7.15,6.54,8.22,8.41,8.03,8.82,9.03,8.63,9.59,9.72,9.48,90.899292624556,106.759538519238,112.40296569085
YucatÃ¡n,6.84,7.15,6.54,8.22,8.41,8.03,8.82,9.03,8.63,9.59,9.72,9.48,3.582766926796,2.910655704135,-7.894404634053
YucatÃ¡n,6.84,7.15,6.54,8.22,8.41,8.03,8.82,9.03,8.63,9.59,9.72,9.48,0.04970875662,0.040553270765,-0.117679068759
YucatÃ¡n,6.84,7.15,6.54,8.22,8.41,8.03,8.82,9.03,8.63,9.59,9.72,9.48,175773.5,247730.173,331982.60400000005
YucatÃ¡n,6.84,7.15,6.54,8.22,8.41,8.03,8.82,9.03,8.63,9.59,9.72,9.48,1.370636838253,1.415680732977,1.511859316938
YucatÃ¡n,6.84,7.15,6.54,8.22,8.41,8.03,8.82,9.03,8.63,9.59,9.72,9.48,89.611785381718,107.533665853316,136.870479991748
YucatÃ¡n,6.84,7.15,6.54,8.22,8.41,8.03,8.82,9.03,8.63,9.59,9.72,9.48,3.078151664975,3.55137251406,3.816226668724
Zacatecas,6.46,6.50,6.42,7.90,7.76,8.03,8.63,8.47,8.77,9.25,9.08,9.40,144730.56,159905.359,145444.441
Zacatecas,6.46,6.50,6.42,7.90,7.76,8.03,8.63,8.47,8.77,9.25,9.08,9.40,1.008406631046,0.964481395389,0.892487350928
Zacatecas,6.46,6.50,6.42,7.90,7.76,8.03,8.63,8.47,8.77,9.25,9.08,9.40,98.550833743773,108.883752329483,99.036934037614
Zacatecas,6.46,6.50,6.42,7.90,7.76,8.03,8.63,8.47,8.77,9.25,9.08,9.40,10.894446487679,1.974958531733,-4.238548056317
Zacatecas,6.46,6.50,6.42,7.90,7.76,8.03,8.63,8.47,8.77,9.25,9.08,9.40,0.104176364135,0.019274734473,-0.03644045858
Zacatecas,6.46,6.50,6.42,7.90,7.76,8.03,8.63,8.47,8.77,9.25,9.08,9.40,130183.52800000002,169623.32700000002,212883.615
Zacatecas,6.46,6.50,6.42,7.90,7.76,8.03,8.63,8.47,8.77,9.25,9.08,9.40,1.015137886033,0.969330756078,0.969478740402
Zacatecas,6.46,6.50,6.42,7.90,7.76,8.03,8.63,8.47,8.77,9.25,9.08,9.40,89.948887090605,106.077324775588,146.367653198928
Zacatecas,6.46,6.50,6.42,7.90,7.76,8.03,8.63,8.47,8.77,9.25,9.08,9.40,5.387362054502,6.101027738896,8.113859476415
